{"MIN_VERT_CLR_010":98.6479072605,"DETOUR_KILOS_019":27.7022574741,"AGE":52.7278828554,"TRAFFIC_LANES_ON_028A":2.1781574131,"TRAFFIC_LANES_UND_028B":0.7821842587,"ADT_029":8298.5454545455,"APPR_WIDTH_MT_032":8.7820012203,"DEGREES_SKEW_034":13.0012202563,"NAV_VERT_CLR_MT_039":0.156680903,"NAV_HORR_CLR_MT_040":0.4371568029,"MAIN_UNIT_SPANS_045":2.5979255644,"APPR_SPANS_046":0.3428920073,"HORR_CLR_MT_047":8.3666259915,"MAX_SPAN_LEN_MT_048":15.4305064063,"STRUCTURE_LEN_MT_049":51.8708968883,"LEFT_CURB_MT_050A":0.3359365467,"RIGHT_CURB_MT_050B":0.3451494814,"ROADWAY_WIDTH_MT_051":8.6420988408,"DECK_WIDTH_MT_052":9.8859060403,"VERT_CLR_OVER_MT_053":98.9165710799,"VERT_CLR_UND_054B":1.3773215375,"LAT_UND_MT_055B":1.1289200732,"LEFT_LAT_UND_MT_056":2.5515558267,"RECON_AGE":49.0616229408,"PERCENT_ADT_TRUCK_109":4.1145975443,"SUFFICIENCY_RATING_feat_yr":69.7181208054}